taxonomy_id	lineage	sample1.bracken	sample2.bracken
69362	Bacteria;Terrabacteria group;Actinomycetota;Actinomycetes;Micrococcales;Microbacteriaceae;Microbacterium;Microbacterium schleiferi	40	73
1714373	Bacteria;Terrabacteria group;Actinomycetota;Actinomycetes;Micrococcales;Microbacteriaceae;Microbacterium;Microbacterium sp. No. 7	5	1
2048898	Bacteria;Terrabacteria group;Actinomycetota;Actinomycetes;Micrococcales;Microbacteriaceae;Microbacterium;Microbacterium sp. Y-01	8	2
2483401	Bacteria;Terrabacteria group;Actinomycetota;Actinomycetes;Micrococcales;Microbacteriaceae;Microbacterium;Microbacterium sp. 10M-3C3	4	2
3049071	Bacteria;Terrabacteria group;Actinomycetota;Actinomycetes;Micrococcales;Microbacteriaceae;Microbacterium;Microbacterium sp. zg-Y625	2	0
3025663	Bacteria;Terrabacteria group;Actinomycetota;Actinomycetes;Micrococcales;Microbacteriaceae;Microbacterium;Microbacterium sp. Clip185	2	0
2489212	Bacteria;Terrabacteria group;Actinomycetota;Actinomycetes;Micrococcales;Microbacteriaceae;Microbacterium;Microbacterium sp. RG1	6	0
36805	Bacteria;Terrabacteria group;Actinomycetota;Actinomycetes;Micrococcales;Microbacteriaceae;Microbacterium;Microbacterium aurum	6	4
84292	Bacteria;Terrabacteria group;Actinomycetota;Actinomycetes;Micrococcales;Microbacteriaceae;Microbacterium;Microbacterium chocolatum	3	1
2782167	Bacteria;Terrabacteria group;Actinomycetota;Actinomycetes;Micrococcales;Microbacteriaceae;Microbacterium;Microbacterium luteum	4	0
2782169	Bacteria;Terrabacteria group;Actinomycetota;Actinomycetes;Micrococcales;Microbacteriaceae;Microbacterium;Microbacterium cremeum	3	1
2033	Bacteria;Terrabacteria group;Actinomycetota;Actinomycetes;Micrococcales;Microbacteriaceae;Microbacterium;Microbacterium testaceum	2	0
2509458	Bacteria;Terrabacteria group;Actinomycetota;Actinomycetes;Micrococcales;Microbacteriaceae;Microbacterium;Microbacterium protaetiae	1	1
162426	Bacteria;Terrabacteria group;Actinomycetota;Actinomycetes;Micrococcales;Microbacteriaceae;Microbacterium;Microbacterium hominis	15	0
2851649	Bacteria;Terrabacteria group;Actinomycetota;Actinomycetes;Micrococcales;Microbacteriaceae;Microbacterium;Microbacterium sufflavum	2	2
273678	Bacteria;Terrabacteria group;Actinomycetota;Actinomycetes;Micrococcales;Microbacteriaceae;Microbacterium;Microbacterium hydrocarbonoxydans	2	0
2708079	Bacteria;Terrabacteria group;Actinomycetota;Actinomycetes;Micrococcales;Microbacteriaceae;Microbacterium;Microbacterium fandaimingii	1	1
2509455	Bacteria;Terrabacteria group;Actinomycetota;Actinomycetes;Micrococcales;Microbacteriaceae;Agromyces;Agromyces protaetiae	3	0
399736	Bacteria;Terrabacteria group;Actinomycetota;Actinomycetes;Micrococcales;Microbacteriaceae;Agrococcus;Agrococcus jejuensis	1	0
2846775	Bacteria;Terrabacteria group;Actinomycetota;Actinomycetes;Micrococcales;Microbacteriaceae;Subtercola;Subtercola sp. PAMC28395	1	0
37921	Bacteria;Terrabacteria group;Actinomycetota;Actinomycetes;Micrococcales;Micrococcaceae;Arthrobacter;Arthrobacter agilis	1	0
2861279	Bacteria;Terrabacteria group;Actinomycetota;Actinomycetes;Micrococcales;Micrococcaceae;Arthrobacter;Arthrobacter sp. PAMC25284	2	0
2136401	Bacteria;Terrabacteria group;Actinomycetota;Actinomycetes;Kitasatosporales;Streptomycetaceae;Streptomyces;Streptomyces sp. YIM 121038	1	0
2662065	Bacteria;Terrabacteria group;Actinomycetota;Actinomycetes;Kitasatosporales;Streptomycetaceae;Streptomyces;Streptomyces sp. SYP-A7193	1	0
2136173	Bacteria;Terrabacteria group;Actinomycetota;Actinomycetes;Kitasatosporales;Streptomycetaceae;Streptomyces;Streptomyces sp. So13.3	1	0
2898276	Bacteria;Terrabacteria group;Actinomycetota;Actinomycetes;Kitasatosporales;Streptomycetaceae;Streptomyces;Streptomyces sp. MRC013	1	0
1848900	Bacteria;Terrabacteria group;Actinomycetota;Actinomycetes;Kitasatosporales;Streptomycetaceae;Streptomyces;Streptomyces sp. ST1015	1	0
2751189	Bacteria;Terrabacteria group;Actinomycetota;Actinomycetes;Kitasatosporales;Streptomycetaceae;Streptomyces;Streptomyces sp. NEAU-sy36	1	0
1932	Bacteria;Terrabacteria group;Actinomycetota;Actinomycetes;Kitasatosporales;Streptomycetaceae;Streptomyces;Streptomyces tendae	1	0
103816	Bacteria;Terrabacteria group;Actinomycetota;Actinomycetes;Mycobacteriales;Nocardiaceae;Rhodococcus;Rhodococcus pyridinivorans	3	0
1793	Bacteria;Terrabacteria group;Actinomycetota;Actinomycetes;Mycobacteriales;Mycobacteriaceae;Mycolicibacterium;Mycolicibacterium fallax	1	0
249058	Bacteria;Terrabacteria group;Actinomycetota;Actinomycetes;Mycobacteriales;Gordoniaceae;Gordonia;Gordonia otitidis	1	0
2908642	Bacteria;Terrabacteria group;Actinomycetota;Actinomycetes;Propionibacteriales;Nocardioidaceae;Solicola;Solicola gregarius	1	0
1428	Bacteria;Terrabacteria group;Bacillota;Bacilli;Bacillales;Bacillaceae;Bacillus;Bacillus cereus group;Bacillus thuringiensis	3	0
279826	Bacteria;Terrabacteria group;Bacillota;Bacilli;Bacillales;Bacillaceae;Mesobacillus;Mesobacillus foraminis	1	0
2692425	Bacteria;Terrabacteria group;Bacillota;Bacilli;Bacillales;Bacillaceae;Pontibacillus;Pontibacillus sp. HMF3514	1	0
76853	Bacteria;Terrabacteria group;Bacillota;Bacilli;Bacillales;Planococcaceae;Solibacillus;Solibacillus silvestris	1	0
2735868	Bacteria;Terrabacteria group;Bacillota;Bacilli;Bacillales;Exiguobacterium;Exiguobacterium sp. Helios	1	0
310783	Bacteria;Terrabacteria group;Deinococcota;Deinococci;Deinococcales;Deinococcaceae;Deinococcus;Deinococcus deserti	1	0
293089	Bacteria;Pseudomonadota;Alphaproteobacteria;Hyphomicrobiales;Aurantimonadaceae;Martelella;Martelella mediterranea	83	110
686597	Bacteria;Pseudomonadota;Alphaproteobacteria;Hyphomicrobiales;Aurantimonadaceae;Martelella;Martelella sp. AD-3	12	0
1486262	Bacteria;Pseudomonadota;Alphaproteobacteria;Hyphomicrobiales;Aurantimonadaceae;Martelella;Martelella endophytica	3	1
392331	Bacteria;Pseudomonadota;Alphaproteobacteria;Hyphomicrobiales;Aurantimonadaceae;Martelella;uncultured Martelella sp.	1	1
2583532	Bacteria;Pseudomonadota;Alphaproteobacteria;Hyphomicrobiales;Aurantimonadaceae;Martelella;Martelella lutilitoris	2	5
2816454	Bacteria;Pseudomonadota;Alphaproteobacteria;Hyphomicrobiales;Aurantimonadaceae;Aureimonas;Aureimonas sp. OT7	1	0
2782665	Bacteria;Pseudomonadota;Alphaproteobacteria;Hyphomicrobiales;Nitrobacteraceae;Bradyrhizobium;Bradyrhizobium sp. 200	1	0
1355477	Bacteria;Pseudomonadota;Alphaproteobacteria;Hyphomicrobiales;Nitrobacteraceae;Bradyrhizobium;Bradyrhizobium diazoefficiens	2	0
2854389	Bacteria;Pseudomonadota;Alphaproteobacteria;Hyphomicrobiales;Nitrobacteraceae;Bradyrhizobium;Bradyrhizobium prioritasuperba	1	0
3034676	Bacteria;Pseudomonadota;Alphaproteobacteria;Hyphomicrobiales;Nitrobacteraceae;Rhodopseudomonas;Rhodopseudomonas sp. BAL398	2	2
398	Bacteria;Pseudomonadota;Alphaproteobacteria;Hyphomicrobiales;Rhizobiaceae;Rhizobium;Rhizobium tropici	3	0
358	Bacteria;Pseudomonadota;Alphaproteobacteria;Hyphomicrobiales;Rhizobiaceae;Agrobacterium;Agrobacterium tumefaciens complex;Agrobacterium tumefaciens	1	0
194963	Bacteria;Pseudomonadota;Alphaproteobacteria;Hyphomicrobiales;Rhizobiaceae;Sinorhizobium;Sinorhizobium americanum	1	0
1756988	Bacteria;Pseudomonadota;Alphaproteobacteria;Hyphomicrobiales;Phyllobacteriaceae;Nitratireductor;Nitratireductor sp. OM-1	1	0
1670800	Bacteria;Pseudomonadota;Alphaproteobacteria;Hyphomicrobiales;Phyllobacteriaceae;Aquibium;Aquibium oceanicum	1	0
2984530	Bacteria;Pseudomonadota;Alphaproteobacteria;Hyphomicrobiales;Devosiaceae;Pelagibacterium;Pelagibacterium flavum	1	0
2771361	Bacteria;Pseudomonadota;Alphaproteobacteria;Rhodospirillales;Acetobacteraceae;Roseococcus;Roseococcus microcysteis	1	0
153496	Bacteria;Pseudomonadota;Alphaproteobacteria;Rhodospirillales;Acetobacteraceae;Kozakia;Kozakia baliensis	1	0
661191	Bacteria;Pseudomonadota;Alphaproteobacteria;Rhodospirillales;Acetobacteraceae;Neokomagataea;Neokomagataea tanensis	1	0
1612173	Bacteria;Pseudomonadota;Alphaproteobacteria;Rhodospirillales;Azospirillaceae;Niveispirillum;Niveispirillum cyanobacteriorum	1	0
3100173	Bacteria;Pseudomonadota;Alphaproteobacteria;Rhodospirillales;Thalassobaculaceae;Thalassobaculum;Thalassobaculum sp. OXR-137	1	0
311180	Bacteria;Pseudomonadota;Alphaproteobacteria;Rhodobacterales;Roseobacteraceae;Alloyangia;Alloyangia pacifica	1	0
221822	Bacteria;Pseudomonadota;Alphaproteobacteria;Rhodobacterales;Roseobacteraceae;Phaeobacter;Phaeobacter inhibens	1	0
1063	Bacteria;Pseudomonadota;Alphaproteobacteria;Rhodobacterales;Paracoccaceae;Cereibacter;Cereibacter sphaeroides	1	0
380021	Bacteria;Pseudomonadota;Gammaproteobacteria;Pseudomonadales;Pseudomonadaceae;Pseudomonas;Pseudomonas chlororaphis group;Pseudomonas protegens	1	0
587753	Bacteria;Pseudomonadota;Gammaproteobacteria;Pseudomonadales;Pseudomonadaceae;Pseudomonas;Pseudomonas chlororaphis group;Pseudomonas chlororaphis	2	0
287	Bacteria;Pseudomonadota;Gammaproteobacteria;Pseudomonadales;Pseudomonadaceae;Pseudomonas;Pseudomonas aeruginosa group;Pseudomonas aeruginosa	4	0
180957	Bacteria;Pseudomonadota;Gammaproteobacteria;Enterobacterales;Pectobacteriaceae;Pectobacterium;Pectobacterium brasiliense	2	0
82996	Bacteria;Pseudomonadota;Gammaproteobacteria;Enterobacterales;Yersiniaceae;Serratia;Serratia plymuthica	1	0
342950	Bacteria;Pseudomonadota;Gammaproteobacteria;Alteromonadales;Shewanellaceae;Parashewanella;Parashewanella spongiae	2	0
2267253	Bacteria;Pseudomonadota;Gammaproteobacteria;Thiotrichales;Piscirickettsiaceae;Thiomicrorhabdus;Thiomicrorhabdus indica	1	0
596095	Bacteria;Pseudomonadota;Gammaproteobacteria;Abyssogena phaseoliformis symbiont	1	0
3065298	Bacteria;Pseudomonadota;Gammaproteobacteria;Oceanospirillales;Halomonadaceae;Salinicola;Salinicola sp. LHM	1	0
279058	Bacteria;Pseudomonadota;Betaproteobacteria;Burkholderiales;Oxalobacteraceae;Collimonas;Collimonas arenae	1	0
758826	Bacteria;Pseudomonadota;Betaproteobacteria;Burkholderiales;Comamonadaceae;Acidovorax;Acidovorax radicis	1	0
2588535	Bacteria;Pseudomonadota;Betaproteobacteria;Nitrosomonadales;Methylophilaceae;Methylopumilus;Candidatus Methylopumilus rimovensis	1	0
2739061	Bacteria;Pseudomonadota;Betaproteobacteria;Neisseriales;Chitinibacteraceae;Deefgea;Deefgea piscis	1	0
996	Bacteria;FCB group;Bacteroidota;Flavobacteriia;Flavobacteriales;Flavobacteriaceae;Flavobacterium;Flavobacterium columnare	2	4
3034146	Bacteria;FCB group;Bacteroidota;Flavobacteriia;Flavobacteriales;Flavobacteriaceae;Flavobacterium;Flavobacterium panacagri	1	0
3016339	Bacteria;FCB group;Bacteroidota;Flavobacteriia;Flavobacteriales;Flavobacteriaceae;Flavobacterium;Flavobacterium lacustre	1	0
2870839	Bacteria;FCB group;Bacteroidota;Flavobacteriia;Flavobacteriales;Flavobacteriaceae;Flavobacterium;Flavobacterium agricola	1	0
2885633	Bacteria;FCB group;Bacteroidota;Flavobacteriia;Flavobacteriales;Flavobacteriaceae;Flavobacterium;Flavobacterium sp. N1719	1	0
1936080	Bacteria;FCB group;Bacteroidota;Flavobacteriia;Flavobacteriales;Flavobacteriaceae;Winogradskyella;Winogradskyella sp. J14-2	1	0
2686077	Bacteria;FCB group;Bacteroidota;Flavobacteriia;Flavobacteriales;Flavobacteriaceae;Winogradskyella;Winogradskyella forsetii	1	0
2893202	Bacteria;FCB group;Bacteroidota;Flavobacteriia;Flavobacteriales;Flavobacteriaceae;Aegicerativicinus;Aegicerativicinus sediminis	2	1
616991	Bacteria;FCB group;Bacteroidota;Flavobacteriia;Flavobacteriales;Flavobacteriaceae;Arenibacter;Arenibacter algicola	1	0
1790137	Bacteria;FCB group;Bacteroidota;Flavobacteriia;Flavobacteriales;Flavobacteriaceae;Wenyingzhuangia;Wenyingzhuangia fucanilytica	1	0
2675331	Bacteria;FCB group;Bacteroidota;Flavobacteriia;Flavobacteriales;Flavobacteriaceae;Bizionia;Bizionia sp. M204	1	0
906888	Bacteria;FCB group;Bacteroidota;Flavobacteriia;Flavobacteriales;Flavobacteriaceae;Nonlabens;Nonlabens ulvanivorans	1	1
1803846	Bacteria;FCB group;Bacteroidota;Flavobacteriia;Flavobacteriales;Flavobacteriaceae;Flavivirga;Flavivirga eckloniae	1	0
1336795	Bacteria;FCB group;Bacteroidota;Flavobacteriia;Flavobacteriales;Flavobacteriaceae;Formosa;Formosa sp. Hel3_A1_48	1	0
1170699	Bacteria;FCB group;Bacteroidota;Flavobacteriia;Flavobacteriales;Flavobacteriaceae;Galbibacter;Galbibacter sp. BG1	1	0
2779360	Bacteria;FCB group;Bacteroidota;Flavobacteriia;Flavobacteriales;Flavobacteriaceae;Marixanthomonas;Marixanthomonas sp. SCSIO 43207	1	0
143223	Bacteria;FCB group;Bacteroidota;Flavobacteriia;Flavobacteriales;Flavobacteriaceae;Salegentibacter;Salegentibacter salegens	1	0
2686362	Bacteria;FCB group;Bacteroidota;Flavobacteriia;Flavobacteriales;Flavobacteriaceae;Cellulophaga;Cellulophaga sp. L1A9	1	0
651561	Bacteria;FCB group;Bacteroidota;Flavobacteriia;Flavobacteriales;Weeksellaceae;Chryseobacterium;Chryseobacterium arthrosphaerae	1	2
266749	Bacteria;FCB group;Bacteroidota;Flavobacteriia;Flavobacteriales;Weeksellaceae;Kaistella;Kaistella jeonii	1	0
2976818	Bacteria;FCB group;Bacteroidota;Flavobacteriia;Flavobacteriales;Weeksellaceae;Cloacibacterium;Cloacibacterium sp. TD35	1	0
652787	Bacteria;FCB group;Bacteroidota;Sphingobacteriia;Sphingobacteriales;Sphingobacteriaceae;Mucilaginibacter;Mucilaginibacter mallensis	1	0
477666	Bacteria;FCB group;Bacteroidota;Bacteroidia;Bacteroidales;Bacteroidaceae;Bacteroides;Bacteroides graminisolvens	1	0
2859768	Bacteria;FCB group;Bacteroidota;Cytophagia;Cytophagales;Cyclobacteriaceae;Echinicola;Echinicola marina	1	0
2838157	Bacteria;FCB group;Bacteroidota;Chitinophagia;Chitinophagales;Chitinophagaceae;Flavihumibacter;Flavihumibacter fluvii	1	0
3092156	Bacteria;PVC group;Verrucomicrobiota;Opitutae;Puniceicoccales;Coraliomargaritaceae;Coraliomargarita;Coraliomargarita sp. J2-16	2	0
2604158	Bacteria;Thermodesulfobacteriota;Desulfovibrionia;Desulfovibrionales;Desulfovibrionaceae;Nitratidesulfovibrio;Nitratidesulfovibrio liaohensis	1	0
9606	Eukaryota;Metazoa;Chordata;Craniata;Sarcopterygii;Mammalia;Opisthokonta;Euarchontoglires;Primates;Haplorrhini;Simiiformes;Catarrhini;Hominoidea;Hominidae;Homininae;Homo;Homo sapiens	3	1
370622	Bacteria;Pseudomonadota;Alphaproteobacteria;Hyphomicrobiales;Aurantimonadaceae;Aureimonas;Aureimonas altamirensis	0	1
44255	Bacteria;Pseudomonadota;Alphaproteobacteria;Hyphomicrobiales;Nitrobacteraceae;Bradyrhizobium;Bradyrhizobium oligotrophicum	0	1
1395951	Bacteria;Pseudomonadota;Alphaproteobacteria;Hyphomicrobiales;Rhizobiaceae;Rhizobium;Rhizobium gei	0	1
1138190	Bacteria;Pseudomonadota;Alphaproteobacteria;Hyphomicrobiales;Rhizobiaceae;Rhizobium;Rhizobium binae	0	1
1223565	Bacteria;Pseudomonadota;Alphaproteobacteria;Hyphomicrobiales;Rhizobiaceae;Rhizobium;Rhizobium sp. Pop5	0	1
71433	Bacteria;Pseudomonadota;Alphaproteobacteria;Hyphomicrobiales;Phyllobacteriaceae;Mesorhizobium;Mesorhizobium amorphae	0	2
1482074	Bacteria;Pseudomonadota;Alphaproteobacteria;Hyphomicrobiales;Pleomorphomonadaceae;Hartmannibacter;Hartmannibacter diazotrophicus	0	1
1940610	Bacteria;Pseudomonadota;Alphaproteobacteria;Hyphomicrobiales;Phreatobacteraceae;Phreatobacter;Phreatobacter stygius	0	1
3026161	Bacteria;Pseudomonadota;Alphaproteobacteria;Hyphomicrobiales;Devosiaceae;Devosia;Devosia sp. J2-20	0	1
7	Bacteria;Pseudomonadota;Alphaproteobacteria;Hyphomicrobiales;Xanthobacteraceae;Azorhizobium;Azorhizobium caulinodans	0	1
2173831	Bacteria;Pseudomonadota;Alphaproteobacteria;Sphingomonadales;Erythrobacteraceae;Altererythrobacter;Altererythrobacter rubellus	0	2
1982042	Bacteria;Pseudomonadota;Alphaproteobacteria;Sphingomonadales;Erythrobacteraceae;Tsuneonella;Tsuneonella mangrovi	0	1
192	Bacteria;Pseudomonadota;Alphaproteobacteria;Rhodospirillales;Azospirillaceae;Azospirillum;Azospirillum brasilense	0	1
94	Bacteria;Pseudomonadota;Alphaproteobacteria;Rhodospirillales;Stellaceae;Stella;Stella humosa	0	1
1580596	Bacteria;Pseudomonadota;Alphaproteobacteria;Rhodobacterales;Roseobacteraceae;Phaeobacter;Phaeobacter piscinae	0	1
2995143	Bacteria;Pseudomonadota;Alphaproteobacteria;Caulobacterales;Caulobacteraceae;Brevundimonas;Brevundimonas sp. SL130	0	1
3036127	Bacteria;Pseudomonadota;Gammaproteobacteria;Oceanospirillales;Halomonadaceae;Halomonas;Halomonas sp. CKK8	0	2
475662	Bacteria;Pseudomonadota;Gammaproteobacteria;Oceanospirillales;Halomonadaceae;Halomonas;Halomonas beimenensis	0	1
2686360	Bacteria;Pseudomonadota;Gammaproteobacteria;Oceanospirillales;Halomonadaceae;Cobetia;Cobetia sp. L2A1	0	1
2992802	Bacteria;Pseudomonadota;Gammaproteobacteria;Oceanospirillales;Oceanospirillaceae;Marinomonas;Marinomonas sp. GJ51-6	0	1
712036	Bacteria;Pseudomonadota;Gammaproteobacteria;Alteromonadales;Shewanellaceae;Shewanella;Shewanella dokdonensis	0	1
62322	Bacteria;Pseudomonadota;Gammaproteobacteria;Alteromonadales;Shewanellaceae;Shewanella;Shewanella baltica	0	2
2984846	Bacteria;Pseudomonadota;Gammaproteobacteria;Alteromonadales;Alteromonadaceae;Catenovulum;Catenovulum sp. TS8	0	1
1324350	Bacteria;Pseudomonadota;Gammaproteobacteria;Moraxellales;Moraxellaceae;Acinetobacter;Acinetobacter equi	0	2
34061	Bacteria;Pseudomonadota;Gammaproteobacteria;Moraxellales;Moraxellaceae;Moraxella;Moraxella cuniculi	0	1
2912315	Bacteria;Pseudomonadota;Gammaproteobacteria;Vibrionales;Vibrionaceae;Vibrio;Vibrio sp. DW001	0	1
670	Bacteria;Pseudomonadota;Gammaproteobacteria;Vibrionales;Vibrionaceae;Vibrio;Vibrio harveyi group;Vibrio parahaemolyticus	0	1
668	Bacteria;Pseudomonadota;Gammaproteobacteria;Vibrionales;Vibrionaceae;Aliivibrio;Aliivibrio fischeri	0	1
490759	Bacteria;Pseudomonadota;Gammaproteobacteria;Pseudomonadales;Marinobacteraceae;Marinobacter;Marinobacter sp. BSs20148	0	1
251540	Bacteria;Pseudomonadota;Gammaproteobacteria;Enterobacterales;Enterobacteriaceae;ant, tsetse, mealybug, aphid, etc. endosymbionts;Blochmannia;Candidatus Blochmannia vicinus	0	2
266062	Bacteria;Pseudomonadota;Gammaproteobacteria;Xanthomonadales;Xanthomonadaceae;Pseudoxanthomonas;Pseudoxanthomonas daejeonensis	0	1
1849581	Bacteria;Pseudomonadota;Gammaproteobacteria;Xanthomonadales;Rhodanobacteraceae;Dyella;Dyella caseinilytica	0	1
1427364	Bacteria;Pseudomonadota;Gammaproteobacteria;Candidatus Pseudothioglobus;Candidatus Pseudothioglobus singularis	0	1
1432792	Bacteria;Pseudomonadota;Gammaproteobacteria;Methylococcales;Methylococcaceae;Methylocaldum;Methylocaldum marinum	0	1
1740163	Bacteria;Pseudomonadota;Betaproteobacteria;Burkholderiales;Burkholderiaceae;Burkholderia;Burkholderia sp. Bp7605	0	1
1743174	Bacteria;Pseudomonadota;Betaproteobacteria;Burkholderiales;Burkholderiaceae;Polynucleobacter;Polynucleobacter tropicus	0	1
2027911	Bacteria;Pseudomonadota;Betaproteobacteria;Burkholderiales;Burkholderiaceae;Cupriavidus;Cupriavidus sp. P-10	0	1
1644131	Bacteria;Pseudomonadota;Betaproteobacteria;Burkholderiales;Oxalobacteraceae;Janthinobacterium;Janthinobacterium sp. 1_2014MBL_MicDiv	0	1
359408	Bacteria;Pseudomonadota;Betaproteobacteria;Nitrosomonadales;Methylophilaceae;Methylotenera;Methylotenera mobilis	0	1
2782166	Bacteria;Terrabacteria group;Actinomycetota;Actinomycetes;Micrococcales;Microbacteriaceae;Microbacterium;Microbacterium sp. A18JL241	0	1
3049072	Bacteria;Terrabacteria group;Actinomycetota;Actinomycetes;Micrococcales;Microbacteriaceae;Microbacterium;Microbacterium sp. zg-Y818	0	2
2861281	Bacteria;Terrabacteria group;Actinomycetota;Actinomycetes;Micrococcales;Microbacteriaceae;Microbacterium;Microbacterium sp. PAMC22086	0	15
3049069	Bacteria;Terrabacteria group;Actinomycetota;Actinomycetes;Micrococcales;Microbacteriaceae;Microbacterium;Microbacterium sp. zg-B96	0	1
2909588	Bacteria;Terrabacteria group;Actinomycetota;Actinomycetes;Micrococcales;Microbacteriaceae;Microbacterium;Microbacterium sp. KUDC0406	0	1
57043	Bacteria;Terrabacteria group;Actinomycetota;Actinomycetes;Micrococcales;Microbacteriaceae;Microbacterium;Microbacterium esteraromaticum	0	1
743009	Bacteria;Terrabacteria group;Actinomycetota;Actinomycetes;Micrococcales;Microbacteriaceae;Microbacterium;Microbacterium oryzae	0	1
1572644	Bacteria;Terrabacteria group;Actinomycetota;Actinomycetes;Micrococcales;Microbacteriaceae;Microbacterium;Microbacterium proteolyticum	0	2
1678237	Bacteria;Terrabacteria group;Actinomycetota;Actinomycetes;Micrococcales;Microbacteriaceae;Microbacterium;Microbacterium rhizosphaerae	0	1
2035	Bacteria;Terrabacteria group;Actinomycetota;Actinomycetes;Micrococcales;Microbacteriaceae;Curtobacterium;Curtobacterium flaccumfaciens	0	5
2804758	Bacteria;Terrabacteria group;Actinomycetota;Actinomycetes;Micrococcales;Microbacteriaceae;Curtobacterium;Curtobacterium sp. 24E2	0	2
2875729	Bacteria;Terrabacteria group;Actinomycetota;Actinomycetes;Micrococcales;Microbacteriaceae;Leucobacter;Leucobacter sp. Psy1	0	1
2932245	Bacteria;Terrabacteria group;Actinomycetota;Actinomycetes;Micrococcales;Microbacteriaceae;Leucobacter;Leucobacter rhizosphaerae	0	1
1389020	Bacteria;Terrabacteria group;Actinomycetota;Actinomycetes;Micrococcales;Microbacteriaceae;Agromyces;Agromyces marinus	0	2
3068634	Bacteria;Terrabacteria group;Actinomycetota;Actinomycetes;Micrococcales;Microbacteriaceae;Agrococcus;Agrococcus sp. REN33	0	1
2683590	Bacteria;Terrabacteria group;Actinomycetota;Actinomycetes;Micrococcales;Microbacteriaceae;Diaminobutyricimonas;Diaminobutyricimonas sp. LJ205	0	1
2708338	Bacteria;Terrabacteria group;Actinomycetota;Actinomycetes;Micrococcales;Microbacteriaceae;Salinibacterium;Salinibacterium sp. ZJ450	0	1
2830992	Bacteria;Terrabacteria group;Actinomycetota;Actinomycetes;Micrococcales;Micrococcaceae;Arthrobacter;Arthrobacter sp. StoSoilB5	0	1
2987701	Bacteria;Terrabacteria group;Actinomycetota;Actinomycetes;Micrococcales;Micrococcaceae;Arthrobacter;Arthrobacter sp. YA7-1	0	1
556325	Bacteria;Terrabacteria group;Actinomycetota;Actinomycetes;Micrococcales;Micrococcaceae;Neomicrococcus;Neomicrococcus aestuarii	0	1
1702043	Bacteria;Terrabacteria group;Actinomycetota;Actinomycetes;Micrococcales;Micrococcaceae;Kocuria;Kocuria sp. BT304	0	3
121292	Bacteria;Terrabacteria group;Actinomycetota;Actinomycetes;Micrococcales;Micrococcaceae;Pseudarthrobacter;Pseudarthrobacter sulfonivorans	0	1
2968085	Bacteria;Terrabacteria group;Actinomycetota;Actinomycetes;Micrococcales;Cellulomonadaceae;Cellulomonas;Cellulomonas wangsupingiae	0	1
2745196	Bacteria;Terrabacteria group;Actinomycetota;Actinomycetes;Pseudonocardiales;Pseudonocardiaceae;Amycolatopsis;Amycolatopsis sp. CA-230715	0	2
2865833	Bacteria;Terrabacteria group;Actinomycetota;Actinomycetes;Pseudonocardiales;Pseudonocardiaceae;Pseudonocardia;Pseudonocardia sp. DSM 110487	0	1
530584	Bacteria;Terrabacteria group;Actinomycetota;Actinomycetes;Pseudonocardiales;Pseudonocardiaceae;Prauserella;Prauserella marina	0	1
1904616	Bacteria;Terrabacteria group;Actinomycetota;Actinomycetes;Kitasatosporales;Streptomycetaceae;Streptomyces;Streptomyces fodineus	0	2
2496836	Bacteria;Terrabacteria group;Actinomycetota;Actinomycetes;Kitasatosporales;Streptomycetaceae;Streptomyces;Streptomyces cyaneochromogenes	0	2
29303	Bacteria;Terrabacteria group;Actinomycetota;Actinomycetes;Kitasatosporales;Streptomycetaceae;Streptantibioticus;Streptantibioticus cattleyicolor	0	1
2836373	Bacteria;Terrabacteria group;Actinomycetota;Actinomycetes;Micromonosporales;Micromonosporaceae;Actinoplanes;Actinoplanes sp. L3-i22	0	1
3015167	Bacteria;Terrabacteria group;Actinomycetota;Actinomycetes;Micromonosporales;Micromonosporaceae;Micromonospora;Micromonospora sp. WMMA1998	0	2
2099693	Bacteria;Terrabacteria group;Actinomycetota;Actinomycetes;Mycobacteriales;Mycobacteriaceae;Mycobacterium;Mycobacterium sp. ITM-2016-00318	0	1
196162	Bacteria;Terrabacteria group;Actinomycetota;Actinomycetes;Propionibacteriales;Nocardioidaceae;Nocardioides;Nocardioides sp. JS614	0	1
42256	Bacteria;Terrabacteria group;Actinomycetota;Rubrobacteria;Rubrobacterales;Rubrobacteraceae;Rubrobacter;Rubrobacter radiotolerans	0	1
74426	Bacteria;Terrabacteria group;Actinomycetota;Coriobacteriia;Coriobacteriales;Coriobacteriaceae;Collinsella;Collinsella aerofaciens	0	1
2728023	Bacteria;Terrabacteria group;Bacillota;Bacilli;Bacillales;Paenibacillaceae;Cohnella;Cohnella herbarum	0	2
1473112	Bacteria;Terrabacteria group;Bacillota;Bacilli;Bacillales;Paenibacillaceae;Paenibacillus;Paenibacillus guangzhouensis	0	1
2924034	Bacteria;Terrabacteria group;Bacillota;Bacilli;Bacillales;Bacillaceae;Alkalihalobacillus;Alkalihalobacillus sp. LMS6	0	2
1280	Bacteria;Terrabacteria group;Bacillota;Bacilli;Bacillales;Staphylococcaceae;Staphylococcus;Staphylococcus aureus	0	3
166486	Bacteria;Terrabacteria group;Bacillota;Clostridia;Lachnospirales;Lachnospiraceae;Roseburia;Roseburia intestinalis	0	2
1525	Bacteria;Terrabacteria group;Bacillota;Clostridia;Moorellales;Moorellaceae;Moorella;Moorella thermoacetica	0	1
96345	Bacteria;FCB group;Bacteroidota;Flavobacteriia;Flavobacteriales;Flavobacteriaceae;Flavobacterium;Flavobacterium psychrophilum	0	2
1836467	Bacteria;FCB group;Bacteroidota;Flavobacteriia;Flavobacteriales;Flavobacteriaceae;Maribacter;Maribacter hydrothermalis	0	2
3070659	Bacteria;FCB group;Bacteroidota;Flavobacteriia;Flavobacteriales;Flavobacteriaceae;Aestuariibaculum;Aestuariibaculum sp. YM273	0	3
1761453	Bacteria;FCB group;Bacteroidota;Flavobacteriia;Flavobacteriales;Flavobacteriaceae;Euzebyella;Euzebyella marina	0	3
2898794	Bacteria;FCB group;Bacteroidota;Cytophagia;Cytophagales;Cytophagaceae;Spirosoma;Spirosoma oryzicola	0	2
1211326	Bacteria;FCB group;Bacteroidota;Cytophagia;Cytophagales;Cytophagaceae;Spirosoma;Spirosoma aerolatum	0	1
2789740	Bacteria;FCB group;Bacteroidota;Sphingobacteriia;Sphingobacteriales;Sphingobacteriaceae;Pedobacter;Pedobacter endophyticus	0	1
2895286	Bacteria;FCB group;Bacteroidota;Sphingobacteriia;Sphingobacteriales;Sphingobacteriaceae;Pedobacter;Pedobacter mucosus	0	1
674529	Bacteria;FCB group;Bacteroidota;Bacteroidia;Bacteroidales;Bacteroidaceae;Bacteroides;Bacteroides faecis	0	1
661488	Bacteria;FCB group;Bacteroidota;Chitinophagia;Chitinophagales;Chitinophagaceae;Pseudobacter;Pseudobacter ginsenosidimutans	0	1
107709	Bacteria;PVC group;Verrucomicrobiota;Opitutae;Opitutales;Opitutaceae;Opitutus;Opitutus terrae	0	1
1710539	Archaea;Euryarchaeota;Stenosarchaea group;Halobacteria;Natrialbales;Natrialbaceae;Natrinema;Natrinema zhouii	0	1
62320	Archaea;Euryarchaeota;Stenosarchaea group;Halobacteria;Natrialbales;Natrialbaceae;Haloterrigena;Haloterrigena turkmenica	0	1
